{"cameraMode":{"drawMode":0,"name":"Shaded","section":"Shading Mode"},"sceneLighting":false,"audioPlay":false,"sceneViewState":{"showFog":true,"showMaterialUpdate":false,"showSkybox":false,"showFlares":true,"showImageEffects":true,"showParticleSystems":true},"in2DMode":false,"pivot":{"x":-1.57620370388031,"y":-0.26816749572753909,"z":0.43991929292678835},"rotation":{"x":0.10357187688350678,"y":-0.5754324793815613,"z":0.0737650915980339,"w":0.8079100251197815},"size":1.5388703346252442,"orthographic":false}