{"cameraMode":{"drawMode":0,"name":"Shaded","section":"Shading Mode"},"sceneLighting":true,"audioPlay":false,"sceneViewState":{"showFog":true,"showMaterialUpdate":false,"showSkybox":true,"showFlares":true,"showImageEffects":true,"showParticleSystems":true},"in2DMode":false,"pivot":{"x":191.65248107910157,"y":137.81829833984376,"z":45.74110412597656},"rotation":{"x":-0.17578983306884767,"y":-0.05637824535369873,"z":0.010085740126669407,"w":-0.9827666878700256},"size":131.08340454101563,"orthographic":false}